{
    "steps": 0.554721532385632,
    "lr": 0.277079297603877,
    "d_first": 0.05338784602480476,
    "num_timesteps": 0.04144070237505445,
    "d_last": 0.035532978940151824,
    "n_layers": 0.026443314177906876,
    "batch_size": 0.007708040864085093,
    "num_samples": 0.0036862876284880245
}
